{
  "verification_keyword": {
    "description": "验证关键词",
    "type": "string",
    "default": "进行验证",
    "hint": "用户发送此关键词视为验证成功"
  },
  "verification_timeout": {
    "description": "验证超时时间（秒）",
    "type": "int",
    "default": 300,
    "hint": "在此时间内未验证则判定失败（默认 5 分钟）"
  },
  "kick_delay": {
    "description": "踢出延迟（秒）",
    "type": "int",
    "default": 60,
    "hint": "验证失败后等待此时间再踢出用户"
  }
}